DATE,VALOR,PAIS,GENERO,GEN
1/1/2019,10,ECUADOR,MUJER,G1
1/2/2019,11,PERU,HOMBRE,G2
1/3/2019,12,COLOMBIA,MUJER,G3
1/4/2019,13,ARGENTINA,HOMBRE,G4
1/5/2019,14,BOLIVIA,MUJER,G1
1/6/2019,15,ECUADOR,HOMBRE,G2
1/7/2019,16,PERU,MUJER,G3
1/8/2019,17,COLOMBIA,HOMBRE,G4
1/9/2019,18,ARGENTINA,MUJER,G1
1/10/2019,19,BOLIVIA,HOMBRE,G2
1/11/2019,20,ECUADOR,MUJER,G3
1/12/2019,21,PERU,HOMBRE,G4
1/13/2019,22,COLOMBIA,MUJER,G1
1/14/2019,23,ARGENTINA,HOMBRE,G2
1/15/2019,24,BOLIVIA,MUJER,G3
1/16/2019,25,ECUADOR,HOMBRE,G4
1/17/2019,26,PERU,MUJER,G1
1/18/2019,27,COLOMBIA,HOMBRE,G2
1/19/2019,28,ARGENTINA,MUJER,G3
1/20/2019,29,BOLIVIA,HOMBRE,G4
1/21/2019,30,ECUADOR,MUJER,G1
1/22/2019,31,PERU,HOMBRE,G2
1/23/2019,32,COLOMBIA,MUJER,G3
1/24/2019,33,ARGENTINA,HOMBRE,G4
1/25/2019,34,BOLIVIA,MUJER,G1
1/26/2019,35,ECUADOR,HOMBRE,G2
1/27/2019,36,PERU,MUJER,G3
1/28/2019,37,COLOMBIA,HOMBRE,G4
1/29/2019,38,ARGENTINA,MUJER,G1
1/30/2019,39,BOLIVIA,HOMBRE,G2
1/31/2019,40,ECUADOR,MUJER,G3
2/1/2019,41,PERU,HOMBRE,G4
2/2/2019,42,COLOMBIA,MUJER,G1
2/3/2019,43,ARGENTINA,HOMBRE,G2
2/4/2019,44,BOLIVIA,MUJER,G3
2/5/2019,45,ECUADOR,HOMBRE,G4
2/6/2019,46,PERU,MUJER,G1
2/7/2019,47,COLOMBIA,HOMBRE,G2
2/8/2019,48,ARGENTINA,MUJER,G3
2/9/2019,49,BOLIVIA,HOMBRE,G4
2/10/2019,50,ECUADOR,MUJER,G1
2/11/2019,51,PERU,HOMBRE,G2
2/12/2019,52,COLOMBIA,MUJER,G3
2/13/2019,53,ARGENTINA,HOMBRE,G4
2/14/2019,54,BOLIVIA,MUJER,G1
2/15/2019,55,ECUADOR,HOMBRE,G2
2/16/2019,56,PERU,MUJER,G3
2/17/2019,57,COLOMBIA,HOMBRE,G4
2/18/2019,58,ARGENTINA,MUJER,G1
2/19/2019,59,BOLIVIA,HOMBRE,G2
2/20/2019,60,ECUADOR,MUJER,G3
2/21/2019,61,PERU,HOMBRE,G4
2/22/2019,62,COLOMBIA,MUJER,G1
2/23/2019,63,ARGENTINA,HOMBRE,G2
2/24/2019,64,BOLIVIA,MUJER,G3
2/25/2019,65,ECUADOR,HOMBRE,G4
2/26/2019,66,PERU,MUJER,G1
2/27/2019,67,COLOMBIA,HOMBRE,G2
2/28/2019,68,ARGENTINA,MUJER,G3
3/1/2019,69,BOLIVIA,HOMBRE,G4
3/2/2019,70,ECUADOR,MUJER,G1
3/3/2019,71,PERU,HOMBRE,G2
3/4/2019,72,COLOMBIA,MUJER,G3
3/5/2019,73,ARGENTINA,HOMBRE,G4
3/6/2019,74,BOLIVIA,MUJER,G1
3/7/2019,75,ECUADOR,HOMBRE,G2
3/8/2019,76,PERU,MUJER,G3
3/9/2019,77,COLOMBIA,HOMBRE,G4
3/10/2019,78,ARGENTINA,MUJER,G1
3/11/2019,79,BOLIVIA,HOMBRE,G2
3/12/2019,80,ECUADOR,MUJER,G3
3/13/2019,81,PERU,HOMBRE,G4
3/14/2019,82,COLOMBIA,MUJER,G1
3/15/2019,83,ARGENTINA,HOMBRE,G2
3/16/2019,84,BOLIVIA,MUJER,G3
3/17/2019,85,ECUADOR,HOMBRE,G4
3/18/2019,86,PERU,MUJER,G1
3/19/2019,87,COLOMBIA,HOMBRE,G2
3/20/2019,88,ARGENTINA,MUJER,G3
3/21/2019,89,BOLIVIA,HOMBRE,G4
3/22/2019,90,ECUADOR,MUJER,G1
3/23/2019,91,PERU,HOMBRE,G2
3/24/2019,92,COLOMBIA,MUJER,G3
3/25/2019,93,ARGENTINA,HOMBRE,G4
3/26/2019,94,BOLIVIA,MUJER,G1
3/27/2019,95,ECUADOR,HOMBRE,G2
3/28/2019,96,PERU,MUJER,G3
3/29/2019,97,COLOMBIA,HOMBRE,G4
3/30/2019,98,ARGENTINA,MUJER,G1
3/31/2019,99,BOLIVIA,HOMBRE,G2
4/1/2019,100,ECUADOR,MUJER,G3
4/2/2019,101,PERU,HOMBRE,G4
4/3/2019,102,COLOMBIA,MUJER,G1
4/4/2019,103,ARGENTINA,HOMBRE,G2
4/5/2019,104,BOLIVIA,MUJER,G3
4/6/2019,105,ECUADOR,HOMBRE,G4
4/7/2019,106,PERU,MUJER,G1
4/8/2019,107,COLOMBIA,HOMBRE,G2
4/9/2019,108,ARGENTINA,MUJER,G3
4/10/2019,109,BOLIVIA,HOMBRE,G4
4/11/2019,110,ECUADOR,MUJER,G1
4/12/2019,111,PERU,HOMBRE,G2
4/13/2019,112,COLOMBIA,MUJER,G3
4/14/2019,113,ARGENTINA,HOMBRE,G4
4/15/2019,114,BOLIVIA,MUJER,G1
4/16/2019,115,ECUADOR,HOMBRE,G2
4/17/2019,116,PERU,MUJER,G3
4/18/2019,117,COLOMBIA,HOMBRE,G4
4/19/2019,118,ARGENTINA,MUJER,G1
4/20/2019,119,BOLIVIA,HOMBRE,G2
4/21/2019,120,ECUADOR,MUJER,G3
4/22/2019,121,PERU,HOMBRE,G4
4/23/2019,122,COLOMBIA,MUJER,G1
4/24/2019,123,ARGENTINA,HOMBRE,G2
4/25/2019,124,BOLIVIA,MUJER,G3
4/26/2019,125,ECUADOR,HOMBRE,G4
4/27/2019,126,PERU,MUJER,G1
4/28/2019,127,COLOMBIA,HOMBRE,G2
4/29/2019,128,ARGENTINA,MUJER,G3
4/30/2019,129,BOLIVIA,HOMBRE,G4
5/1/2019,130,ECUADOR,MUJER,G1
5/2/2019,131,PERU,HOMBRE,G2
5/3/2019,132,COLOMBIA,MUJER,G3
5/4/2019,133,ARGENTINA,HOMBRE,G4
5/5/2019,134,BOLIVIA,MUJER,G1
5/6/2019,135,ECUADOR,HOMBRE,G2
5/7/2019,136,PERU,MUJER,G3
5/8/2019,137,COLOMBIA,HOMBRE,G4
5/9/2019,138,ARGENTINA,MUJER,G1
5/10/2019,139,BOLIVIA,HOMBRE,G2
5/11/2019,140,ECUADOR,MUJER,G3
5/12/2019,141,PERU,HOMBRE,G4
5/13/2019,142,COLOMBIA,MUJER,G1
5/14/2019,143,ARGENTINA,HOMBRE,G2
5/15/2019,144,BOLIVIA,MUJER,G3
5/16/2019,145,ECUADOR,HOMBRE,G4
5/17/2019,146,PERU,MUJER,G1
5/18/2019,147,COLOMBIA,HOMBRE,G2
5/19/2019,148,ARGENTINA,MUJER,G3
5/20/2019,149,BOLIVIA,HOMBRE,G4
5/21/2019,150,ECUADOR,MUJER,G1
5/22/2019,151,PERU,HOMBRE,G2
5/23/2019,152,COLOMBIA,MUJER,G3
5/24/2019,153,ARGENTINA,HOMBRE,G4
5/25/2019,154,BOLIVIA,MUJER,G1
5/26/2019,155,ECUADOR,HOMBRE,G2
5/27/2019,156,PERU,MUJER,G3
5/28/2019,157,COLOMBIA,HOMBRE,G4
5/29/2019,158,ARGENTINA,MUJER,G1
5/30/2019,159,BOLIVIA,HOMBRE,G2
5/31/2019,160,ECUADOR,MUJER,G3
6/1/2019,161,PERU,HOMBRE,G4
6/2/2019,162,COLOMBIA,MUJER,G1
6/3/2019,163,ARGENTINA,HOMBRE,G2
6/4/2019,164,BOLIVIA,MUJER,G3
6/5/2019,165,ECUADOR,HOMBRE,G4
6/6/2019,166,PERU,MUJER,G1
6/7/2019,167,COLOMBIA,HOMBRE,G2
6/8/2019,168,ARGENTINA,MUJER,G3
6/9/2019,169,BOLIVIA,HOMBRE,G4
6/10/2019,170,ECUADOR,MUJER,G1
6/11/2019,171,PERU,HOMBRE,G2
6/12/2019,172,COLOMBIA,MUJER,G3
6/13/2019,173,ARGENTINA,HOMBRE,G4
6/14/2019,174,BOLIVIA,MUJER,G1
6/15/2019,175,ECUADOR,HOMBRE,G2
6/16/2019,176,PERU,MUJER,G3
6/17/2019,177,COLOMBIA,HOMBRE,G4
6/18/2019,178,ARGENTINA,MUJER,G1
6/19/2019,179,BOLIVIA,HOMBRE,G2
6/20/2019,180,ECUADOR,MUJER,G3
6/21/2019,181,PERU,HOMBRE,G4
6/22/2019,182,COLOMBIA,MUJER,G1
6/23/2019,183,ARGENTINA,HOMBRE,G2
6/24/2019,184,BOLIVIA,MUJER,G3
6/25/2019,185,ECUADOR,HOMBRE,G4
6/26/2019,186,PERU,MUJER,G1
6/27/2019,187,COLOMBIA,HOMBRE,G2
6/28/2019,188,ARGENTINA,MUJER,G3
6/29/2019,189,BOLIVIA,HOMBRE,G4
6/30/2019,190,ECUADOR,MUJER,G1
7/1/2019,191,PERU,HOMBRE,G2
7/2/2019,192,COLOMBIA,MUJER,G3
7/3/2019,193,ARGENTINA,HOMBRE,G4
7/4/2019,194,BOLIVIA,MUJER,G1
7/5/2019,195,ECUADOR,HOMBRE,G2
7/6/2019,196,PERU,MUJER,G3
7/7/2019,197,COLOMBIA,HOMBRE,G4
7/8/2019,198,ARGENTINA,MUJER,G1
7/9/2019,199,BOLIVIA,HOMBRE,G2
7/10/2019,200,ECUADOR,MUJER,G3
7/11/2019,201,PERU,HOMBRE,G4
7/12/2019,202,COLOMBIA,MUJER,G1
7/13/2019,203,ARGENTINA,HOMBRE,G2
7/14/2019,204,BOLIVIA,MUJER,G3
7/15/2019,205,ECUADOR,HOMBRE,G4
7/16/2019,206,PERU,MUJER,G1
7/17/2019,207,COLOMBIA,HOMBRE,G2
7/18/2019,208,ARGENTINA,MUJER,G3
7/19/2019,209,BOLIVIA,HOMBRE,G4
7/20/2019,210,ECUADOR,MUJER,G1
7/21/2019,211,PERU,HOMBRE,G2
7/22/2019,212,COLOMBIA,MUJER,G3
7/23/2019,213,ARGENTINA,HOMBRE,G4
7/24/2019,214,BOLIVIA,MUJER,G1
7/25/2019,215,ECUADOR,HOMBRE,G2
7/26/2019,216,PERU,MUJER,G3
7/27/2019,217,COLOMBIA,HOMBRE,G4
7/28/2019,218,ARGENTINA,MUJER,G1
7/29/2019,219,BOLIVIA,HOMBRE,G2
7/30/2019,220,ECUADOR,MUJER,G3
7/31/2019,221,PERU,HOMBRE,G4
8/1/2019,222,COLOMBIA,MUJER,G1
8/2/2019,223,ARGENTINA,HOMBRE,G2
8/3/2019,224,BOLIVIA,MUJER,G3
8/4/2019,225,ECUADOR,HOMBRE,G4
8/5/2019,226,PERU,MUJER,G1
8/6/2019,227,COLOMBIA,HOMBRE,G2
8/7/2019,228,ARGENTINA,MUJER,G3
8/8/2019,229,BOLIVIA,HOMBRE,G4
8/9/2019,230,ECUADOR,MUJER,G1
8/10/2019,231,PERU,HOMBRE,G2
8/11/2019,232,COLOMBIA,MUJER,G3
8/12/2019,233,ARGENTINA,HOMBRE,G4
8/13/2019,234,BOLIVIA,MUJER,G1
8/14/2019,235,ECUADOR,HOMBRE,G2
8/15/2019,236,PERU,MUJER,G3
8/16/2019,237,COLOMBIA,HOMBRE,G4
8/17/2019,238,ARGENTINA,MUJER,G1
8/18/2019,239,BOLIVIA,HOMBRE,G2
8/19/2019,240,ECUADOR,MUJER,G3
8/20/2019,241,PERU,HOMBRE,G4
8/21/2019,242,COLOMBIA,MUJER,G1
8/22/2019,243,ARGENTINA,HOMBRE,G2
8/23/2019,244,BOLIVIA,MUJER,G3
8/24/2019,245,ECUADOR,HOMBRE,G4
8/25/2019,246,PERU,MUJER,G1
8/26/2019,247,COLOMBIA,HOMBRE,G2
8/27/2019,248,ARGENTINA,MUJER,G3
8/28/2019,249,BOLIVIA,HOMBRE,G4
8/29/2019,250,ECUADOR,MUJER,G1
8/30/2019,251,PERU,HOMBRE,G2
8/31/2019,252,COLOMBIA,MUJER,G3
9/1/2019,253,ARGENTINA,HOMBRE,G4
9/2/2019,254,BOLIVIA,MUJER,G1
9/3/2019,255,ECUADOR,HOMBRE,G2
9/4/2019,256,PERU,MUJER,G3
9/5/2019,257,COLOMBIA,HOMBRE,G4
9/6/2019,258,ARGENTINA,MUJER,G1
9/7/2019,259,BOLIVIA,HOMBRE,G2
9/8/2019,260,ECUADOR,MUJER,G3
9/9/2019,261,PERU,HOMBRE,G4
9/10/2019,262,COLOMBIA,MUJER,G1
9/11/2019,263,ARGENTINA,HOMBRE,G2
9/12/2019,264,BOLIVIA,MUJER,G3
9/13/2019,265,ECUADOR,HOMBRE,G4
9/14/2019,266,PERU,MUJER,G1
9/15/2019,267,COLOMBIA,HOMBRE,G2
9/16/2019,268,ARGENTINA,MUJER,G3
9/17/2019,269,BOLIVIA,HOMBRE,G4
9/18/2019,270,ECUADOR,MUJER,G1
9/19/2019,271,PERU,HOMBRE,G2
9/20/2019,272,COLOMBIA,MUJER,G3
9/21/2019,273,ARGENTINA,HOMBRE,G4
9/22/2019,274,BOLIVIA,MUJER,G1
9/23/2019,275,ECUADOR,HOMBRE,G2
9/24/2019,276,PERU,MUJER,G3
9/25/2019,277,COLOMBIA,HOMBRE,G4
9/26/2019,278,ARGENTINA,MUJER,G1
9/27/2019,279,BOLIVIA,HOMBRE,G2
9/28/2019,280,ECUADOR,MUJER,G3
9/29/2019,281,PERU,HOMBRE,G4
9/30/2019,282,COLOMBIA,MUJER,G1
10/1/2019,283,ARGENTINA,HOMBRE,G2
10/2/2019,284,BOLIVIA,MUJER,G3
10/3/2019,285,ECUADOR,HOMBRE,G4
10/4/2019,286,PERU,MUJER,G1
10/5/2019,287,COLOMBIA,HOMBRE,G2
10/6/2019,288,ARGENTINA,MUJER,G3
10/7/2019,289,BOLIVIA,HOMBRE,G4
10/8/2019,290,ECUADOR,MUJER,G1
10/9/2019,291,PERU,HOMBRE,G2
10/10/2019,292,COLOMBIA,MUJER,G3
10/11/2019,293,ARGENTINA,HOMBRE,G4
10/12/2019,294,BOLIVIA,MUJER,G1
10/13/2019,295,ECUADOR,HOMBRE,G2
10/14/2019,296,PERU,MUJER,G3
10/15/2019,297,COLOMBIA,HOMBRE,G4
10/16/2019,298,ARGENTINA,MUJER,G1
10/17/2019,299,BOLIVIA,HOMBRE,G2
10/18/2019,300,ECUADOR,MUJER,G3
10/19/2019,301,PERU,HOMBRE,G4
10/20/2019,302,COLOMBIA,MUJER,G1
10/21/2019,303,ARGENTINA,HOMBRE,G2
10/22/2019,304,BOLIVIA,MUJER,G3
10/23/2019,305,ECUADOR,HOMBRE,G4
10/24/2019,306,PERU,MUJER,G1
10/25/2019,307,COLOMBIA,HOMBRE,G2
10/26/2019,308,ARGENTINA,MUJER,G3
10/27/2019,309,BOLIVIA,HOMBRE,G4
10/28/2019,310,ECUADOR,MUJER,G1
10/29/2019,311,PERU,HOMBRE,G2
10/30/2019,312,COLOMBIA,MUJER,G3
10/31/2019,313,ARGENTINA,HOMBRE,G4
11/1/2019,314,BOLIVIA,MUJER,G1
11/2/2019,315,ECUADOR,HOMBRE,G2
11/3/2019,316,PERU,MUJER,G3
11/4/2019,317,COLOMBIA,HOMBRE,G4
11/5/2019,318,ARGENTINA,MUJER,G1
11/6/2019,319,BOLIVIA,HOMBRE,G2
11/7/2019,320,ECUADOR,MUJER,G3
11/8/2019,321,PERU,HOMBRE,G4
11/9/2019,322,COLOMBIA,MUJER,G1
11/10/2019,323,ARGENTINA,HOMBRE,G2
11/11/2019,324,BOLIVIA,MUJER,G3
11/12/2019,325,ECUADOR,HOMBRE,G4
11/13/2019,326,PERU,MUJER,G1
11/14/2019,327,COLOMBIA,HOMBRE,G2
11/15/2019,328,ARGENTINA,MUJER,G3
11/16/2019,329,BOLIVIA,HOMBRE,G4
11/17/2019,330,ECUADOR,MUJER,G1
11/18/2019,331,PERU,HOMBRE,G2
11/19/2019,332,COLOMBIA,MUJER,G3
11/20/2019,333,ARGENTINA,HOMBRE,G4
11/21/2019,334,BOLIVIA,MUJER,G1
11/22/2019,335,ECUADOR,HOMBRE,G2
11/23/2019,336,PERU,MUJER,G3
11/24/2019,337,COLOMBIA,HOMBRE,G4
11/25/2019,338,ARGENTINA,MUJER,G1
11/26/2019,339,BOLIVIA,HOMBRE,G2
11/27/2019,340,ECUADOR,MUJER,G3
11/28/2019,341,PERU,HOMBRE,G4
11/29/2019,342,COLOMBIA,MUJER,G1
11/30/2019,343,ARGENTINA,HOMBRE,G2
12/1/2019,344,BOLIVIA,MUJER,G3
12/2/2019,345,ECUADOR,HOMBRE,G4
12/3/2019,346,PERU,MUJER,G1
12/4/2019,347,COLOMBIA,HOMBRE,G2
12/5/2019,348,ARGENTINA,MUJER,G3
12/6/2019,349,BOLIVIA,HOMBRE,G4
12/7/2019,350,ECUADOR,MUJER,G1
12/8/2019,351,PERU,HOMBRE,G2
12/9/2019,352,COLOMBIA,MUJER,G3
12/10/2019,353,ARGENTINA,HOMBRE,G4
12/11/2019,354,BOLIVIA,MUJER,G1
12/12/2019,355,ECUADOR,HOMBRE,G2
12/13/2019,356,PERU,MUJER,G3
12/14/2019,357,COLOMBIA,HOMBRE,G4
12/15/2019,358,ARGENTINA,MUJER,G1
12/16/2019,359,BOLIVIA,HOMBRE,G2
12/17/2019,360,ECUADOR,MUJER,G3
12/18/2019,361,PERU,HOMBRE,G4
12/19/2019,362,COLOMBIA,MUJER,G1
12/20/2019,363,ARGENTINA,HOMBRE,G2
12/21/2019,364,BOLIVIA,MUJER,G3
12/22/2019,365,ECUADOR,HOMBRE,G4
12/23/2019,366,PERU,MUJER,G1
12/24/2019,367,COLOMBIA,HOMBRE,G2
12/25/2019,368,ARGENTINA,MUJER,G3
12/26/2019,369,BOLIVIA,HOMBRE,G4
12/27/2019,370,ECUADOR,MUJER,G1
12/28/2019,371,PERU,HOMBRE,G2
12/29/2019,372,COLOMBIA,MUJER,G3
12/30/2019,373,ARGENTINA,HOMBRE,G4
12/31/2019,374,BOLIVIA,MUJER,G1
1/1/2020,375,ECUADOR,HOMBRE,G2
1/2/2020,376,PERU,MUJER,G3
1/3/2020,377,COLOMBIA,HOMBRE,G4
1/4/2020,378,ARGENTINA,MUJER,G1
1/5/2020,379,BOLIVIA,HOMBRE,G2
1/6/2020,380,ECUADOR,MUJER,G3
1/7/2020,381,PERU,HOMBRE,G4
1/8/2020,382,COLOMBIA,MUJER,G1
1/9/2020,383,ARGENTINA,HOMBRE,G2
1/10/2020,384,BOLIVIA,MUJER,G3
1/11/2020,385,ECUADOR,HOMBRE,G4
1/12/2020,386,PERU,MUJER,G1
1/13/2020,387,COLOMBIA,HOMBRE,G2
1/14/2020,388,ARGENTINA,MUJER,G3
1/15/2020,389,BOLIVIA,HOMBRE,G4
1/16/2020,390,ECUADOR,MUJER,G1
1/17/2020,391,PERU,HOMBRE,G2
1/18/2020,392,COLOMBIA,MUJER,G3
1/19/2020,393,ARGENTINA,HOMBRE,G4
1/20/2020,394,BOLIVIA,MUJER,G1
1/21/2020,395,ECUADOR,HOMBRE,G2
1/22/2020,396,PERU,MUJER,G3
1/23/2020,397,COLOMBIA,HOMBRE,G4
1/24/2020,398,ARGENTINA,MUJER,G1
1/25/2020,399,BOLIVIA,HOMBRE,G2
1/26/2020,400,ECUADOR,MUJER,G3
1/27/2020,401,PERU,HOMBRE,G4
1/28/2020,402,COLOMBIA,MUJER,G1
1/29/2020,403,ARGENTINA,HOMBRE,G2
1/30/2020,404,BOLIVIA,MUJER,G3
1/31/2020,405,ECUADOR,HOMBRE,G4
2/1/2020,406,PERU,MUJER,G1
2/2/2020,407,COLOMBIA,HOMBRE,G2
2/3/2020,408,ARGENTINA,MUJER,G3
2/4/2020,409,BOLIVIA,HOMBRE,G4
2/5/2020,410,ECUADOR,MUJER,G1
2/6/2020,411,PERU,HOMBRE,G2
2/7/2020,412,COLOMBIA,MUJER,G3
2/8/2020,413,ARGENTINA,HOMBRE,G4
2/9/2020,414,BOLIVIA,MUJER,G1
2/10/2020,415,ECUADOR,HOMBRE,G2
2/11/2020,416,PERU,MUJER,G3
2/12/2020,417,COLOMBIA,HOMBRE,G4
2/13/2020,418,ARGENTINA,MUJER,G1
2/14/2020,419,BOLIVIA,HOMBRE,G2
2/15/2020,420,ECUADOR,MUJER,G3
2/16/2020,421,PERU,HOMBRE,G4
2/17/2020,422,COLOMBIA,MUJER,G1
2/18/2020,423,ARGENTINA,HOMBRE,G2
2/19/2020,424,BOLIVIA,MUJER,G3
2/20/2020,425,ECUADOR,HOMBRE,G4
2/21/2020,426,PERU,MUJER,G1
2/22/2020,427,COLOMBIA,HOMBRE,G2
2/23/2020,428,ARGENTINA,MUJER,G3
2/24/2020,429,BOLIVIA,HOMBRE,G4
2/25/2020,430,ECUADOR,MUJER,G1
2/26/2020,431,PERU,HOMBRE,G2
2/27/2020,432,COLOMBIA,MUJER,G3
2/28/2020,433,ARGENTINA,HOMBRE,G4
2/29/2020,434,BOLIVIA,MUJER,G1
3/1/2020,435,ECUADOR,HOMBRE,G2
3/2/2020,436,PERU,MUJER,G3
3/3/2020,437,COLOMBIA,HOMBRE,G4
3/4/2020,438,ARGENTINA,MUJER,G1
3/5/2020,439,BOLIVIA,HOMBRE,G2
3/6/2020,440,ECUADOR,MUJER,G3
3/7/2020,441,PERU,HOMBRE,G4
3/8/2020,442,COLOMBIA,MUJER,G1
3/9/2020,443,ARGENTINA,HOMBRE,G2
3/10/2020,444,BOLIVIA,MUJER,G3
3/11/2020,445,ECUADOR,HOMBRE,G4
3/12/2020,446,PERU,MUJER,G1
3/13/2020,447,COLOMBIA,HOMBRE,G2
3/14/2020,448,ARGENTINA,MUJER,G3
3/15/2020,449,BOLIVIA,HOMBRE,G4
3/16/2020,450,ECUADOR,MUJER,G1
3/17/2020,451,PERU,HOMBRE,G2
3/18/2020,452,COLOMBIA,MUJER,G3
3/19/2020,453,ARGENTINA,HOMBRE,G4
3/20/2020,454,BOLIVIA,MUJER,G1
3/21/2020,455,ECUADOR,HOMBRE,G2
3/22/2020,456,PERU,MUJER,G3
3/23/2020,457,COLOMBIA,HOMBRE,G4
3/24/2020,458,ARGENTINA,MUJER,G1
3/25/2020,459,BOLIVIA,HOMBRE,G2
3/26/2020,460,ECUADOR,MUJER,G3
3/27/2020,461,PERU,HOMBRE,G4
3/28/2020,462,COLOMBIA,MUJER,G1
3/29/2020,463,ARGENTINA,HOMBRE,G2
3/30/2020,464,BOLIVIA,MUJER,G3
3/31/2020,465,ECUADOR,HOMBRE,G4
4/1/2020,466,PERU,MUJER,G1
4/2/2020,467,COLOMBIA,HOMBRE,G2
4/3/2020,468,ARGENTINA,MUJER,G3
4/4/2020,469,BOLIVIA,HOMBRE,G4
4/5/2020,470,ECUADOR,MUJER,G1
4/6/2020,471,PERU,HOMBRE,G2
4/7/2020,472,COLOMBIA,MUJER,G3
4/8/2020,473,ARGENTINA,HOMBRE,G4
4/9/2020,474,BOLIVIA,MUJER,G1
4/10/2020,475,ECUADOR,HOMBRE,G2
4/11/2020,476,PERU,MUJER,G3
4/12/2020,477,COLOMBIA,HOMBRE,G4
4/13/2020,478,ARGENTINA,MUJER,G1
4/14/2020,479,BOLIVIA,HOMBRE,G2
4/15/2020,480,ECUADOR,MUJER,G3
4/16/2020,481,PERU,HOMBRE,G4
4/17/2020,482,COLOMBIA,MUJER,G1
4/18/2020,483,ARGENTINA,HOMBRE,G2
4/19/2020,484,BOLIVIA,MUJER,G3
4/20/2020,485,ECUADOR,HOMBRE,G4
4/21/2020,486,PERU,MUJER,G1
4/22/2020,487,COLOMBIA,HOMBRE,G2
4/23/2020,488,ARGENTINA,MUJER,G3
4/24/2020,489,BOLIVIA,HOMBRE,G4
4/25/2020,490,ECUADOR,MUJER,G1
4/26/2020,491,PERU,HOMBRE,G2
4/27/2020,492,COLOMBIA,MUJER,G3
4/28/2020,493,ARGENTINA,HOMBRE,G4
4/29/2020,494,BOLIVIA,MUJER,G1
4/30/2020,495,ECUADOR,HOMBRE,G2
5/1/2020,496,PERU,MUJER,G3
5/2/2020,497,COLOMBIA,HOMBRE,G4
5/3/2020,498,ARGENTINA,MUJER,G1
5/4/2020,499,BOLIVIA,HOMBRE,G2
5/5/2020,500,ECUADOR,MUJER,G3
5/6/2020,501,PERU,HOMBRE,G4
5/7/2020,502,COLOMBIA,MUJER,G1
5/8/2020,503,ARGENTINA,HOMBRE,G2
5/9/2020,504,BOLIVIA,MUJER,G3
5/10/2020,505,ECUADOR,HOMBRE,G4
5/11/2020,506,PERU,MUJER,G1
5/12/2020,507,COLOMBIA,HOMBRE,G2
5/13/2020,508,ARGENTINA,MUJER,G3
5/14/2020,509,BOLIVIA,HOMBRE,G4
5/15/2020,510,ECUADOR,MUJER,G1
5/16/2020,511,PERU,HOMBRE,G2
5/17/2020,512,COLOMBIA,MUJER,G3
5/18/2020,513,ARGENTINA,HOMBRE,G4
5/19/2020,514,BOLIVIA,MUJER,G1
5/20/2020,515,ECUADOR,HOMBRE,G2
5/21/2020,516,PERU,MUJER,G3
5/22/2020,517,COLOMBIA,HOMBRE,G4
5/23/2020,518,ARGENTINA,MUJER,G1
5/24/2020,519,BOLIVIA,HOMBRE,G2
5/25/2020,520,ECUADOR,MUJER,G3
5/26/2020,521,PERU,HOMBRE,G4
5/27/2020,522,COLOMBIA,MUJER,G1
5/28/2020,523,ARGENTINA,HOMBRE,G2
5/29/2020,524,BOLIVIA,MUJER,G3
5/30/2020,525,ECUADOR,HOMBRE,G4
5/31/2020,526,PERU,MUJER,G1
6/1/2020,527,COLOMBIA,HOMBRE,G2
6/2/2020,528,ARGENTINA,MUJER,G3
6/3/2020,529,BOLIVIA,HOMBRE,G4
6/4/2020,530,ECUADOR,MUJER,G1
6/5/2020,531,PERU,HOMBRE,G2
6/6/2020,532,COLOMBIA,MUJER,G3
6/7/2020,533,ARGENTINA,HOMBRE,G4
6/8/2020,534,BOLIVIA,MUJER,G1
6/9/2020,535,ECUADOR,HOMBRE,G2
6/10/2020,536,PERU,MUJER,G3
6/11/2020,537,COLOMBIA,HOMBRE,G4
6/12/2020,538,ARGENTINA,MUJER,G1
6/13/2020,539,BOLIVIA,HOMBRE,G2
6/14/2020,540,ECUADOR,MUJER,G3
6/15/2020,541,PERU,HOMBRE,G4
6/16/2020,542,COLOMBIA,MUJER,G1
6/17/2020,543,ARGENTINA,HOMBRE,G2
6/18/2020,544,BOLIVIA,MUJER,G3
6/19/2020,545,ECUADOR,HOMBRE,G4
6/20/2020,546,PERU,MUJER,G1
6/21/2020,547,COLOMBIA,HOMBRE,G2
6/22/2020,548,ARGENTINA,MUJER,G3
6/23/2020,549,BOLIVIA,HOMBRE,G4
6/24/2020,550,ECUADOR,MUJER,G1
6/25/2020,551,PERU,HOMBRE,G2
6/26/2020,552,COLOMBIA,MUJER,G3
6/27/2020,553,ARGENTINA,HOMBRE,G4
6/28/2020,554,BOLIVIA,MUJER,G1
6/29/2020,555,ECUADOR,HOMBRE,G2
6/30/2020,556,PERU,MUJER,G3
7/1/2020,557,COLOMBIA,HOMBRE,G4
7/2/2020,558,ARGENTINA,MUJER,G1
7/3/2020,559,BOLIVIA,HOMBRE,G2
7/4/2020,560,ECUADOR,MUJER,G3
7/5/2020,561,PERU,HOMBRE,G4
7/6/2020,562,COLOMBIA,MUJER,G1
7/7/2020,563,ARGENTINA,HOMBRE,G2
7/8/2020,564,BOLIVIA,MUJER,G3
7/9/2020,565,ECUADOR,HOMBRE,G4
7/10/2020,566,PERU,MUJER,G1
7/11/2020,567,COLOMBIA,HOMBRE,G2
7/12/2020,568,ARGENTINA,MUJER,G3
7/13/2020,569,BOLIVIA,HOMBRE,G4
7/14/2020,570,ECUADOR,MUJER,G1
7/15/2020,571,PERU,HOMBRE,G2
7/16/2020,572,COLOMBIA,MUJER,G3
7/17/2020,573,ARGENTINA,HOMBRE,G4
7/18/2020,574,BOLIVIA,MUJER,G1
7/19/2020,575,ECUADOR,HOMBRE,G2
7/20/2020,576,PERU,MUJER,G3
7/21/2020,577,COLOMBIA,HOMBRE,G4
7/22/2020,578,ARGENTINA,MUJER,G1
7/23/2020,579,BOLIVIA,HOMBRE,G2
7/24/2020,580,ECUADOR,MUJER,G3
7/25/2020,581,PERU,HOMBRE,G4
7/26/2020,582,COLOMBIA,MUJER,G1
7/27/2020,583,ARGENTINA,HOMBRE,G2
7/28/2020,584,BOLIVIA,MUJER,G3
7/29/2020,585,ECUADOR,HOMBRE,G4
7/30/2020,586,PERU,MUJER,G1
7/31/2020,587,COLOMBIA,HOMBRE,G2
8/1/2020,588,ARGENTINA,MUJER,G3
8/2/2020,589,BOLIVIA,HOMBRE,G4
8/3/2020,590,ECUADOR,MUJER,G1
8/4/2020,591,PERU,HOMBRE,G2
8/5/2020,592,COLOMBIA,MUJER,G3
8/6/2020,593,ARGENTINA,HOMBRE,G4
8/7/2020,594,BOLIVIA,MUJER,G1
8/8/2020,595,ECUADOR,HOMBRE,G2
8/9/2020,596,PERU,MUJER,G3
8/10/2020,597,COLOMBIA,HOMBRE,G4
8/11/2020,598,ARGENTINA,MUJER,G1
8/12/2020,599,BOLIVIA,HOMBRE,G2
8/13/2020,600,ECUADOR,MUJER,G3
8/14/2020,601,PERU,HOMBRE,G4
8/15/2020,602,COLOMBIA,MUJER,G1
8/16/2020,603,ARGENTINA,HOMBRE,G2
8/17/2020,604,BOLIVIA,MUJER,G3
8/18/2020,605,ECUADOR,HOMBRE,G4
8/19/2020,606,PERU,MUJER,G1
8/20/2020,607,COLOMBIA,HOMBRE,G2
8/21/2020,608,ARGENTINA,MUJER,G3
8/22/2020,609,BOLIVIA,HOMBRE,G4
8/23/2020,610,ECUADOR,MUJER,G1
8/24/2020,611,PERU,HOMBRE,G2
8/25/2020,612,COLOMBIA,MUJER,G3
8/26/2020,613,ARGENTINA,HOMBRE,G4
8/27/2020,614,BOLIVIA,MUJER,G1
8/28/2020,615,ECUADOR,HOMBRE,G2
8/29/2020,616,PERU,MUJER,G3
8/30/2020,617,COLOMBIA,HOMBRE,G4
8/31/2020,618,ARGENTINA,MUJER,G1
9/1/2020,619,BOLIVIA,HOMBRE,G2
9/2/2020,620,ECUADOR,MUJER,G3
9/3/2020,621,PERU,HOMBRE,G4
9/4/2020,622,COLOMBIA,MUJER,G1
9/5/2020,623,ARGENTINA,HOMBRE,G2
9/6/2020,624,BOLIVIA,MUJER,G3
9/7/2020,625,ECUADOR,HOMBRE,G4
9/8/2020,626,PERU,MUJER,G1
9/9/2020,627,COLOMBIA,HOMBRE,G2
9/10/2020,628,ARGENTINA,MUJER,G3
9/11/2020,629,BOLIVIA,HOMBRE,G4
9/12/2020,630,ECUADOR,MUJER,G1
9/13/2020,631,PERU,HOMBRE,G2
9/14/2020,632,COLOMBIA,MUJER,G3
9/15/2020,633,ARGENTINA,HOMBRE,G4
9/16/2020,634,BOLIVIA,MUJER,G1
9/17/2020,635,ECUADOR,HOMBRE,G2
9/18/2020,636,PERU,MUJER,G3
9/19/2020,637,COLOMBIA,HOMBRE,G4
9/20/2020,638,ARGENTINA,MUJER,G1
9/21/2020,639,BOLIVIA,HOMBRE,G2
9/22/2020,640,ECUADOR,MUJER,G3
9/23/2020,641,PERU,HOMBRE,G4
9/24/2020,642,COLOMBIA,MUJER,G1
9/25/2020,643,ARGENTINA,HOMBRE,G2
9/26/2020,644,BOLIVIA,MUJER,G3
9/27/2020,645,ECUADOR,HOMBRE,G4
9/28/2020,646,PERU,MUJER,G1
9/29/2020,647,COLOMBIA,HOMBRE,G2
9/30/2020,648,ARGENTINA,MUJER,G3
10/1/2020,649,BOLIVIA,HOMBRE,G4
10/2/2020,650,ECUADOR,MUJER,G1
10/3/2020,651,PERU,HOMBRE,G2
10/4/2020,652,COLOMBIA,MUJER,G3
10/5/2020,653,ARGENTINA,HOMBRE,G4
10/6/2020,654,BOLIVIA,MUJER,G1
10/7/2020,655,ECUADOR,HOMBRE,G2
10/8/2020,656,PERU,MUJER,G3
10/9/2020,657,COLOMBIA,HOMBRE,G4
10/10/2020,658,ARGENTINA,MUJER,G1
10/11/2020,659,BOLIVIA,HOMBRE,G2
10/12/2020,660,ECUADOR,MUJER,G3
10/13/2020,661,PERU,HOMBRE,G4
10/14/2020,662,COLOMBIA,MUJER,G1
10/15/2020,663,ARGENTINA,HOMBRE,G2
10/16/2020,664,BOLIVIA,MUJER,G3
10/17/2020,665,ECUADOR,HOMBRE,G4
10/18/2020,666,PERU,MUJER,G1
10/19/2020,667,COLOMBIA,HOMBRE,G2
10/20/2020,668,ARGENTINA,MUJER,G3
10/21/2020,669,BOLIVIA,HOMBRE,G4
10/22/2020,670,ECUADOR,MUJER,G1
10/23/2020,671,PERU,HOMBRE,G2
10/24/2020,672,COLOMBIA,MUJER,G3
10/25/2020,673,ARGENTINA,HOMBRE,G4
10/26/2020,674,BOLIVIA,MUJER,G1
10/27/2020,675,ECUADOR,HOMBRE,G2
10/28/2020,676,PERU,MUJER,G3
10/29/2020,677,COLOMBIA,HOMBRE,G4
10/30/2020,678,ARGENTINA,MUJER,G1
10/31/2020,679,BOLIVIA,HOMBRE,G2
11/1/2020,680,ECUADOR,MUJER,G3
11/2/2020,681,PERU,HOMBRE,G4
11/3/2020,682,COLOMBIA,MUJER,G1
11/4/2020,683,ARGENTINA,HOMBRE,G2
11/5/2020,684,BOLIVIA,MUJER,G3
11/6/2020,685,ECUADOR,HOMBRE,G4
11/7/2020,686,PERU,MUJER,G1
11/8/2020,687,COLOMBIA,HOMBRE,G2
11/9/2020,688,ARGENTINA,MUJER,G3
11/10/2020,689,BOLIVIA,HOMBRE,G4
11/11/2020,690,ECUADOR,MUJER,G1
11/12/2020,691,PERU,HOMBRE,G2
11/13/2020,692,COLOMBIA,MUJER,G3
11/14/2020,693,ARGENTINA,HOMBRE,G4
11/15/2020,694,BOLIVIA,MUJER,G1
11/16/2020,695,ECUADOR,HOMBRE,G2
11/17/2020,696,PERU,MUJER,G3
11/18/2020,697,COLOMBIA,HOMBRE,G4
11/19/2020,698,ARGENTINA,MUJER,G1
11/20/2020,699,BOLIVIA,HOMBRE,G2
11/21/2020,700,ECUADOR,MUJER,G3
11/22/2020,701,PERU,HOMBRE,G4
11/23/2020,702,COLOMBIA,MUJER,G1
11/24/2020,703,ARGENTINA,HOMBRE,G2
11/25/2020,704,BOLIVIA,MUJER,G3
11/26/2020,705,ECUADOR,HOMBRE,G4
11/27/2020,706,PERU,MUJER,G1
11/28/2020,707,COLOMBIA,HOMBRE,G2
11/29/2020,708,ARGENTINA,MUJER,G3
11/30/2020,709,BOLIVIA,HOMBRE,G4
12/1/2020,710,ECUADOR,MUJER,G1
12/2/2020,711,PERU,HOMBRE,G2
12/3/2020,712,COLOMBIA,MUJER,G3
12/4/2020,713,ARGENTINA,HOMBRE,G4
12/5/2020,714,BOLIVIA,MUJER,G1
12/6/2020,715,ECUADOR,HOMBRE,G2
12/7/2020,716,PERU,MUJER,G3
12/8/2020,717,COLOMBIA,HOMBRE,G4
12/9/2020,718,ARGENTINA,MUJER,G1
12/10/2020,719,BOLIVIA,HOMBRE,G2
12/11/2020,720,ECUADOR,MUJER,G3
12/12/2020,721,PERU,HOMBRE,G4
12/13/2020,722,COLOMBIA,MUJER,G1
12/14/2020,723,ARGENTINA,HOMBRE,G2
12/15/2020,724,BOLIVIA,MUJER,G3
12/16/2020,725,ECUADOR,HOMBRE,G4
12/17/2020,726,PERU,MUJER,G1
12/18/2020,727,COLOMBIA,HOMBRE,G2
12/19/2020,728,ARGENTINA,MUJER,G3
12/20/2020,729,BOLIVIA,HOMBRE,G4
12/21/2020,730,ECUADOR,MUJER,G1
12/22/2020,731,PERU,HOMBRE,G2
12/23/2020,732,COLOMBIA,MUJER,G3
12/24/2020,733,ARGENTINA,HOMBRE,G4
12/25/2020,734,BOLIVIA,MUJER,G1
12/26/2020,735,ECUADOR,HOMBRE,G2
12/27/2020,736,PERU,MUJER,G3
12/28/2020,737,COLOMBIA,HOMBRE,G4
12/29/2020,738,ARGENTINA,MUJER,G1
12/30/2020,739,BOLIVIA,HOMBRE,G2
12/31/2020,740,ECUADOR,MUJER,G3
1/1/2021,741,PERU,HOMBRE,G4
1/2/2021,742,COLOMBIA,MUJER,G1
1/3/2021,743,ARGENTINA,HOMBRE,G2
1/4/2021,744,BOLIVIA,MUJER,G3
1/5/2021,745,ECUADOR,HOMBRE,G4
1/6/2021,746,PERU,MUJER,G1
1/7/2021,747,COLOMBIA,HOMBRE,G2
1/8/2021,748,ARGENTINA,MUJER,G3
1/9/2021,749,BOLIVIA,HOMBRE,G4
1/10/2021,750,ECUADOR,MUJER,G1
1/11/2021,751,PERU,HOMBRE,G2
1/12/2021,752,COLOMBIA,MUJER,G3
1/13/2021,753,ARGENTINA,HOMBRE,G4
1/14/2021,754,BOLIVIA,MUJER,G1
1/15/2021,755,ECUADOR,HOMBRE,G2
1/16/2021,756,PERU,MUJER,G3
1/17/2021,757,COLOMBIA,HOMBRE,G4
1/18/2021,758,ARGENTINA,MUJER,G1
1/19/2021,759,BOLIVIA,HOMBRE,G2
1/20/2021,760,ECUADOR,MUJER,G3
1/21/2021,761,PERU,HOMBRE,G4
1/22/2021,762,COLOMBIA,MUJER,G1
1/23/2021,763,ARGENTINA,HOMBRE,G2
1/24/2021,764,BOLIVIA,MUJER,G3
1/25/2021,765,ECUADOR,HOMBRE,G4
1/26/2021,766,PERU,MUJER,G1
1/27/2021,767,COLOMBIA,HOMBRE,G2
1/28/2021,768,ARGENTINA,MUJER,G3
1/29/2021,769,BOLIVIA,HOMBRE,G4
1/30/2021,770,ECUADOR,MUJER,G1
1/31/2021,771,PERU,HOMBRE,G2
2/1/2021,772,COLOMBIA,MUJER,G3
2/2/2021,773,ARGENTINA,HOMBRE,G4
2/3/2021,774,BOLIVIA,MUJER,G1
2/4/2021,775,ECUADOR,HOMBRE,G2
2/5/2021,776,PERU,MUJER,G3
2/6/2021,777,COLOMBIA,HOMBRE,G4
2/7/2021,778,ARGENTINA,MUJER,G1
2/8/2021,779,BOLIVIA,HOMBRE,G2
2/9/2021,780,ECUADOR,MUJER,G3
2/10/2021,781,PERU,HOMBRE,G4
2/11/2021,782,COLOMBIA,MUJER,G1
2/12/2021,783,ARGENTINA,HOMBRE,G2
2/13/2021,784,BOLIVIA,MUJER,G3
2/14/2021,785,ECUADOR,HOMBRE,G4
2/15/2021,786,PERU,MUJER,G1
2/16/2021,787,COLOMBIA,HOMBRE,G2
2/17/2021,788,ARGENTINA,MUJER,G3
2/18/2021,789,BOLIVIA,HOMBRE,G4
2/19/2021,790,ECUADOR,MUJER,G1
2/20/2021,791,PERU,HOMBRE,G2
2/21/2021,792,COLOMBIA,MUJER,G3
2/22/2021,793,ARGENTINA,HOMBRE,G4
2/23/2021,794,BOLIVIA,MUJER,G1
2/24/2021,795,ECUADOR,HOMBRE,G2
2/25/2021,796,PERU,MUJER,G3
2/26/2021,797,COLOMBIA,HOMBRE,G4
2/27/2021,798,ARGENTINA,MUJER,G1
2/28/2021,799,BOLIVIA,HOMBRE,G2
3/1/2021,800,ECUADOR,MUJER,G3
3/2/2021,801,PERU,HOMBRE,G4
3/3/2021,802,COLOMBIA,MUJER,G1
3/4/2021,803,ARGENTINA,HOMBRE,G2
3/5/2021,804,BOLIVIA,MUJER,G3
3/6/2021,805,ECUADOR,HOMBRE,G4
3/7/2021,806,PERU,MUJER,G1
3/8/2021,807,COLOMBIA,HOMBRE,G2
3/9/2021,808,ARGENTINA,MUJER,G3
3/10/2021,809,BOLIVIA,HOMBRE,G4
3/11/2021,810,ECUADOR,MUJER,G1
3/12/2021,811,PERU,HOMBRE,G2
3/13/2021,812,COLOMBIA,MUJER,G3
3/14/2021,813,ARGENTINA,HOMBRE,G4
3/15/2021,814,BOLIVIA,MUJER,G1
3/16/2021,815,ECUADOR,HOMBRE,G2
3/17/2021,816,PERU,MUJER,G3
3/18/2021,817,COLOMBIA,HOMBRE,G4
3/19/2021,818,ARGENTINA,MUJER,G1
3/20/2021,819,BOLIVIA,HOMBRE,G2
3/21/2021,820,ECUADOR,MUJER,G3
3/22/2021,821,PERU,HOMBRE,G4
3/23/2021,822,COLOMBIA,MUJER,G1
3/24/2021,823,ARGENTINA,HOMBRE,G2
3/25/2021,824,BOLIVIA,MUJER,G3
3/26/2021,825,ECUADOR,HOMBRE,G4
3/27/2021,826,PERU,MUJER,G1
3/28/2021,827,COLOMBIA,HOMBRE,G2
3/29/2021,828,ARGENTINA,MUJER,G3
3/30/2021,829,BOLIVIA,HOMBRE,G4
3/31/2021,830,ECUADOR,MUJER,G1
4/1/2021,831,PERU,HOMBRE,G2
4/2/2021,832,COLOMBIA,MUJER,G3
4/3/2021,833,ARGENTINA,HOMBRE,G4
4/4/2021,834,BOLIVIA,MUJER,G1
4/5/2021,835,ECUADOR,HOMBRE,G2
4/6/2021,836,PERU,MUJER,G3
4/7/2021,837,COLOMBIA,HOMBRE,G4
4/8/2021,838,ARGENTINA,MUJER,G1
4/9/2021,839,BOLIVIA,HOMBRE,G2
4/10/2021,840,ECUADOR,MUJER,G3
4/11/2021,841,PERU,HOMBRE,G4
4/12/2021,842,COLOMBIA,MUJER,G1
4/13/2021,843,ARGENTINA,HOMBRE,G2
4/14/2021,844,BOLIVIA,MUJER,G3
4/15/2021,845,ECUADOR,HOMBRE,G4
4/16/2021,846,PERU,MUJER,G1
4/17/2021,847,COLOMBIA,HOMBRE,G2
4/18/2021,848,ARGENTINA,MUJER,G3
4/19/2021,849,BOLIVIA,HOMBRE,G4
4/20/2021,850,ECUADOR,MUJER,G1
4/21/2021,851,PERU,HOMBRE,G2
4/22/2021,852,COLOMBIA,MUJER,G3
4/23/2021,853,ARGENTINA,HOMBRE,G4
4/24/2021,854,BOLIVIA,MUJER,G1
4/25/2021,855,ECUADOR,HOMBRE,G2
4/26/2021,856,PERU,MUJER,G3
4/27/2021,857,COLOMBIA,HOMBRE,G4
4/28/2021,858,ARGENTINA,MUJER,G1
4/29/2021,859,BOLIVIA,HOMBRE,G2
4/30/2021,860,ECUADOR,MUJER,G3
5/1/2021,861,PERU,HOMBRE,G4
5/2/2021,862,COLOMBIA,MUJER,G1
5/3/2021,863,ARGENTINA,HOMBRE,G2
5/4/2021,864,BOLIVIA,MUJER,G3
5/5/2021,865,ECUADOR,HOMBRE,G4
5/6/2021,866,PERU,MUJER,G1
5/7/2021,867,COLOMBIA,HOMBRE,G2
5/8/2021,868,ARGENTINA,MUJER,G3
5/9/2021,869,BOLIVIA,HOMBRE,G4
5/10/2021,870,ECUADOR,MUJER,G1
5/11/2021,871,PERU,HOMBRE,G2
5/12/2021,872,COLOMBIA,MUJER,G3
5/13/2021,873,ARGENTINA,HOMBRE,G4
5/14/2021,874,BOLIVIA,MUJER,G1
5/15/2021,875,ECUADOR,HOMBRE,G2
5/16/2021,876,PERU,MUJER,G3
5/17/2021,877,COLOMBIA,HOMBRE,G4
5/18/2021,878,ARGENTINA,MUJER,G1
5/19/2021,879,BOLIVIA,HOMBRE,G2
5/20/2021,880,ECUADOR,MUJER,G3
5/21/2021,881,PERU,HOMBRE,G4
5/22/2021,882,COLOMBIA,MUJER,G1
5/23/2021,883,ARGENTINA,HOMBRE,G2
5/24/2021,884,BOLIVIA,MUJER,G3
5/25/2021,885,ECUADOR,HOMBRE,G4
5/26/2021,886,PERU,MUJER,G1
5/27/2021,887,COLOMBIA,HOMBRE,G2
5/28/2021,888,ARGENTINA,MUJER,G3
5/29/2021,889,BOLIVIA,HOMBRE,G4
5/30/2021,890,ECUADOR,MUJER,G1
5/31/2021,891,PERU,HOMBRE,G2
6/1/2021,892,COLOMBIA,MUJER,G3
6/2/2021,893,ARGENTINA,HOMBRE,G4
6/3/2021,894,BOLIVIA,MUJER,G1
6/4/2021,895,ECUADOR,HOMBRE,G2
6/5/2021,896,PERU,MUJER,G3
6/6/2021,897,COLOMBIA,HOMBRE,G4
6/7/2021,898,ARGENTINA,MUJER,G1
6/8/2021,899,BOLIVIA,HOMBRE,G2
6/9/2021,900,ECUADOR,MUJER,G3
6/10/2021,901,PERU,HOMBRE,G4
6/11/2021,902,COLOMBIA,MUJER,G1
6/12/2021,903,ARGENTINA,HOMBRE,G2
6/13/2021,904,BOLIVIA,MUJER,G3
6/14/2021,905,ECUADOR,HOMBRE,G4
6/15/2021,906,PERU,MUJER,G1
6/16/2021,907,COLOMBIA,HOMBRE,G2
6/17/2021,908,ARGENTINA,MUJER,G3
6/18/2021,909,BOLIVIA,HOMBRE,G4
6/19/2021,910,ECUADOR,MUJER,G1
6/20/2021,911,PERU,HOMBRE,G2
6/21/2021,912,COLOMBIA,MUJER,G3
6/22/2021,913,ARGENTINA,HOMBRE,G4
6/23/2021,914,BOLIVIA,MUJER,G1
6/24/2021,915,ECUADOR,HOMBRE,G2
6/25/2021,916,PERU,MUJER,G3
6/26/2021,917,COLOMBIA,HOMBRE,G4
6/27/2021,918,ARGENTINA,MUJER,G1
6/28/2021,919,BOLIVIA,HOMBRE,G2
6/29/2021,920,ECUADOR,MUJER,G3
6/30/2021,921,PERU,HOMBRE,G4
7/1/2021,922,COLOMBIA,MUJER,G1
7/2/2021,923,ARGENTINA,HOMBRE,G2
7/3/2021,924,BOLIVIA,MUJER,G3
7/4/2021,925,ECUADOR,HOMBRE,G4
7/5/2021,926,PERU,MUJER,G1
7/6/2021,927,COLOMBIA,HOMBRE,G2
7/7/2021,928,ARGENTINA,MUJER,G3
7/8/2021,929,BOLIVIA,HOMBRE,G4
7/9/2021,930,ECUADOR,MUJER,G1
7/10/2021,931,PERU,HOMBRE,G2
7/11/2021,932,COLOMBIA,MUJER,G3
7/12/2021,933,ARGENTINA,HOMBRE,G4
7/13/2021,934,BOLIVIA,MUJER,G1
7/14/2021,935,ECUADOR,HOMBRE,G2
7/15/2021,936,PERU,MUJER,G3
7/16/2021,937,COLOMBIA,HOMBRE,G4
7/17/2021,938,ARGENTINA,MUJER,G1
7/18/2021,939,BOLIVIA,HOMBRE,G2
7/19/2021,940,ECUADOR,MUJER,G3
7/20/2021,941,PERU,HOMBRE,G4
7/21/2021,942,COLOMBIA,MUJER,G1
7/22/2021,943,ARGENTINA,HOMBRE,G2
7/23/2021,944,BOLIVIA,MUJER,G3
7/24/2021,945,ECUADOR,HOMBRE,G4
7/25/2021,946,PERU,MUJER,G1
7/26/2021,947,COLOMBIA,HOMBRE,G2
7/27/2021,948,ARGENTINA,MUJER,G3
7/28/2021,949,BOLIVIA,HOMBRE,G4
7/29/2021,950,ECUADOR,MUJER,G1
7/30/2021,951,PERU,HOMBRE,G2
7/31/2021,952,COLOMBIA,MUJER,G3
8/1/2021,953,ARGENTINA,HOMBRE,G4
8/2/2021,954,BOLIVIA,MUJER,G1
8/3/2021,955,ECUADOR,HOMBRE,G2
8/4/2021,956,PERU,MUJER,G3
8/5/2021,957,COLOMBIA,HOMBRE,G4
8/6/2021,958,ARGENTINA,MUJER,G1
8/7/2021,959,BOLIVIA,HOMBRE,G2
8/8/2021,960,ECUADOR,MUJER,G3
8/9/2021,961,PERU,HOMBRE,G4
8/10/2021,962,COLOMBIA,MUJER,G1
8/11/2021,963,ARGENTINA,HOMBRE,G2
8/12/2021,964,BOLIVIA,MUJER,G3
8/13/2021,965,ECUADOR,HOMBRE,G4
8/14/2021,966,PERU,MUJER,G1
8/15/2021,967,COLOMBIA,HOMBRE,G2
8/16/2021,968,ARGENTINA,MUJER,G3
8/17/2021,969,BOLIVIA,HOMBRE,G4
8/18/2021,970,ECUADOR,MUJER,G1
8/19/2021,971,PERU,HOMBRE,G2
8/20/2021,972,COLOMBIA,MUJER,G3
8/21/2021,973,ARGENTINA,HOMBRE,G4
8/22/2021,974,BOLIVIA,MUJER,G1
8/23/2021,975,ECUADOR,HOMBRE,G2
8/24/2021,976,PERU,MUJER,G3
8/25/2021,977,COLOMBIA,HOMBRE,G4
8/26/2021,978,ARGENTINA,MUJER,G1
8/27/2021,979,BOLIVIA,HOMBRE,G2
8/28/2021,980,ECUADOR,MUJER,G3
8/29/2021,981,PERU,HOMBRE,G4
8/30/2021,982,COLOMBIA,MUJER,G1
8/31/2021,983,ARGENTINA,HOMBRE,G2
9/1/2021,984,BOLIVIA,MUJER,G3
9/2/2021,985,ECUADOR,HOMBRE,G4
9/3/2021,986,PERU,MUJER,G1
9/4/2021,987,COLOMBIA,HOMBRE,G2
9/5/2021,988,ARGENTINA,MUJER,G3
9/6/2021,989,BOLIVIA,HOMBRE,G4
9/7/2021,990,ECUADOR,MUJER,G1
9/8/2021,991,PERU,HOMBRE,G2
9/9/2021,992,COLOMBIA,MUJER,G3
9/10/2021,993,ARGENTINA,HOMBRE,G4
9/11/2021,994,BOLIVIA,MUJER,G1
9/12/2021,995,ECUADOR,HOMBRE,G2
9/13/2021,996,PERU,MUJER,G3
9/14/2021,997,COLOMBIA,HOMBRE,G4
9/15/2021,998,ARGENTINA,MUJER,G1
9/16/2021,999,BOLIVIA,HOMBRE,G2
9/17/2021,1000,ECUADOR,MUJER,G3
9/18/2021,1001,PERU,HOMBRE,G4
9/19/2021,1002,COLOMBIA,MUJER,G1
9/20/2021,1003,ARGENTINA,HOMBRE,G2
9/21/2021,1004,BOLIVIA,MUJER,G3
9/22/2021,1005,ECUADOR,HOMBRE,G4
9/23/2021,1006,PERU,MUJER,G1
9/24/2021,1007,COLOMBIA,HOMBRE,G2
9/25/2021,1008,ARGENTINA,MUJER,G3
9/26/2021,1009,BOLIVIA,HOMBRE,G4
9/27/2021,1010,ECUADOR,MUJER,G1
9/28/2021,1011,PERU,HOMBRE,G2
9/29/2021,1012,COLOMBIA,MUJER,G3
9/30/2021,1013,ARGENTINA,HOMBRE,G4
10/1/2021,1014,BOLIVIA,MUJER,G1
10/2/2021,1015,ECUADOR,HOMBRE,G2
10/3/2021,1016,PERU,MUJER,G3
10/4/2021,1017,COLOMBIA,HOMBRE,G4
10/5/2021,1018,ARGENTINA,MUJER,G1
10/6/2021,1019,BOLIVIA,HOMBRE,G2
10/7/2021,1020,ECUADOR,MUJER,G3
10/8/2021,1021,PERU,HOMBRE,G4
10/9/2021,1022,COLOMBIA,MUJER,G1
10/10/2021,1023,ARGENTINA,HOMBRE,G2
10/11/2021,1024,BOLIVIA,MUJER,G3
10/12/2021,1025,ECUADOR,HOMBRE,G4
10/13/2021,1026,PERU,MUJER,G1
10/14/2021,1027,COLOMBIA,HOMBRE,G2
10/15/2021,1028,ARGENTINA,MUJER,G3
10/16/2021,1029,BOLIVIA,HOMBRE,G4
10/17/2021,1030,ECUADOR,MUJER,G1
10/18/2021,1031,PERU,HOMBRE,G2
10/19/2021,1032,COLOMBIA,MUJER,G3
10/20/2021,1033,ARGENTINA,HOMBRE,G4
10/21/2021,1034,BOLIVIA,MUJER,G1
10/22/2021,1035,ECUADOR,HOMBRE,G2
10/23/2021,1036,PERU,MUJER,G3
10/24/2021,1037,COLOMBIA,HOMBRE,G4
10/25/2021,1038,ARGENTINA,MUJER,G1
10/26/2021,1039,BOLIVIA,HOMBRE,G2
10/27/2021,1040,ECUADOR,MUJER,G3
10/28/2021,1041,PERU,HOMBRE,G4
10/29/2021,1042,COLOMBIA,MUJER,G1
10/30/2021,1043,ARGENTINA,HOMBRE,G2
10/31/2021,1044,BOLIVIA,MUJER,G3
11/1/2021,1045,ECUADOR,HOMBRE,G4
11/2/2021,1046,PERU,MUJER,G1
11/3/2021,1047,COLOMBIA,HOMBRE,G2
11/4/2021,1048,ARGENTINA,MUJER,G3
11/5/2021,1049,BOLIVIA,HOMBRE,G4
11/6/2021,1050,ECUADOR,MUJER,G1
11/7/2021,1051,PERU,HOMBRE,G2
11/8/2021,1052,COLOMBIA,MUJER,G3
11/9/2021,1053,ARGENTINA,HOMBRE,G4
11/10/2021,1054,BOLIVIA,MUJER,G1
11/11/2021,1055,ECUADOR,HOMBRE,G2
11/12/2021,1056,PERU,MUJER,G3
11/13/2021,1057,COLOMBIA,HOMBRE,G4
11/14/2021,1058,ARGENTINA,MUJER,G1
11/15/2021,1059,BOLIVIA,HOMBRE,G2
11/16/2021,1060,ECUADOR,MUJER,G3
11/17/2021,1061,PERU,HOMBRE,G4
11/18/2021,1062,COLOMBIA,MUJER,G1
11/19/2021,1063,ARGENTINA,HOMBRE,G2
11/20/2021,1064,BOLIVIA,MUJER,G3
11/21/2021,1065,ECUADOR,HOMBRE,G4
11/22/2021,1066,PERU,MUJER,G1
11/23/2021,1067,COLOMBIA,HOMBRE,G2
11/24/2021,1068,ARGENTINA,MUJER,G3
11/25/2021,1069,BOLIVIA,HOMBRE,G4
11/26/2021,1070,ECUADOR,MUJER,G1
11/27/2021,1071,PERU,HOMBRE,G2
11/28/2021,1072,COLOMBIA,MUJER,G3
11/29/2021,1073,ARGENTINA,HOMBRE,G4
11/30/2021,1074,BOLIVIA,MUJER,G1
12/1/2021,1075,ECUADOR,HOMBRE,G2
12/2/2021,1076,PERU,MUJER,G3
12/3/2021,1077,COLOMBIA,HOMBRE,G4
12/4/2021,1078,ARGENTINA,MUJER,G1
12/5/2021,1079,BOLIVIA,HOMBRE,G2
12/6/2021,1080,ECUADOR,MUJER,G3
12/7/2021,1081,PERU,HOMBRE,G4
12/8/2021,1082,COLOMBIA,MUJER,G1
12/9/2021,1083,ARGENTINA,HOMBRE,G2
12/10/2021,1084,BOLIVIA,MUJER,G3
12/11/2021,1085,ECUADOR,HOMBRE,G4
12/12/2021,1086,PERU,MUJER,G1
12/13/2021,1087,COLOMBIA,HOMBRE,G2
12/14/2021,1088,ARGENTINA,MUJER,G3
12/15/2021,1089,BOLIVIA,HOMBRE,G4
12/16/2021,1090,ECUADOR,MUJER,G1
12/17/2021,1091,PERU,HOMBRE,G2
12/18/2021,1092,COLOMBIA,MUJER,G3
12/19/2021,1093,ARGENTINA,HOMBRE,G4
12/20/2021,1094,BOLIVIA,MUJER,G1
12/21/2021,1095,ECUADOR,HOMBRE,G2
12/22/2021,1096,PERU,MUJER,G3
12/23/2021,1097,COLOMBIA,HOMBRE,G4
12/24/2021,1098,ARGENTINA,MUJER,G1
12/25/2021,1099,BOLIVIA,HOMBRE,G2
12/26/2021,1100,ECUADOR,MUJER,G3
12/27/2021,1101,PERU,HOMBRE,G4
12/28/2021,1102,COLOMBIA,MUJER,G1
12/29/2021,1103,ARGENTINA,HOMBRE,G2
12/30/2021,1104,BOLIVIA,MUJER,G3
12/31/2021,1105,ECUADOR,HOMBRE,G4
1/1/2022,1106,PERU,MUJER,G1
1/2/2022,1107,COLOMBIA,HOMBRE,G2
1/3/2022,1108,ARGENTINA,MUJER,G3
1/4/2022,1109,BOLIVIA,HOMBRE,G4
1/5/2022,1110,ECUADOR,MUJER,G1
1/6/2022,1111,PERU,HOMBRE,G2
1/7/2022,1112,COLOMBIA,MUJER,G3
1/8/2022,1113,ARGENTINA,HOMBRE,G4
1/9/2022,1114,BOLIVIA,MUJER,G1
1/10/2022,1115,ECUADOR,HOMBRE,G2
1/11/2022,1116,PERU,MUJER,G3
1/12/2022,1117,COLOMBIA,HOMBRE,G4
1/13/2022,1118,ARGENTINA,MUJER,G1
1/14/2022,1119,BOLIVIA,HOMBRE,G2
1/15/2022,1120,ECUADOR,MUJER,G3
1/16/2022,1121,PERU,HOMBRE,G4
1/17/2022,1122,COLOMBIA,MUJER,G1
1/18/2022,1123,ARGENTINA,HOMBRE,G2
1/19/2022,1124,BOLIVIA,MUJER,G3
1/20/2022,1125,ECUADOR,HOMBRE,G4
1/21/2022,1126,PERU,MUJER,G1
1/22/2022,1127,COLOMBIA,HOMBRE,G2
1/23/2022,1128,ARGENTINA,MUJER,G3
1/24/2022,1129,BOLIVIA,HOMBRE,G4
1/25/2022,1130,ECUADOR,MUJER,G1
1/26/2022,1131,PERU,HOMBRE,G2
1/27/2022,1132,COLOMBIA,MUJER,G3
1/28/2022,1133,ARGENTINA,HOMBRE,G4
1/29/2022,1134,BOLIVIA,MUJER,G1
1/30/2022,1135,ECUADOR,HOMBRE,G2
1/31/2022,1136,PERU,MUJER,G3
2/1/2022,1137,COLOMBIA,HOMBRE,G4
2/2/2022,1138,ARGENTINA,MUJER,G1
2/3/2022,1139,BOLIVIA,HOMBRE,G2
2/4/2022,1140,ECUADOR,MUJER,G3
2/5/2022,1141,PERU,HOMBRE,G4
2/6/2022,1142,COLOMBIA,MUJER,G1
2/7/2022,1143,ARGENTINA,HOMBRE,G2
2/8/2022,1144,BOLIVIA,MUJER,G3
2/9/2022,1145,ECUADOR,HOMBRE,G4
2/10/2022,1146,PERU,MUJER,G1
2/11/2022,1147,COLOMBIA,HOMBRE,G2
2/12/2022,1148,ARGENTINA,MUJER,G3
2/13/2022,1149,BOLIVIA,HOMBRE,G4
2/14/2022,1150,ECUADOR,MUJER,G1
2/15/2022,1151,PERU,HOMBRE,G2
2/16/2022,1152,COLOMBIA,MUJER,G3
2/17/2022,1153,ARGENTINA,HOMBRE,G4
2/18/2022,1154,BOLIVIA,MUJER,G1
2/19/2022,1155,ECUADOR,HOMBRE,G2
2/20/2022,1156,PERU,MUJER,G3
2/21/2022,1157,COLOMBIA,HOMBRE,G4
2/22/2022,1158,ARGENTINA,MUJER,G1
2/23/2022,1159,BOLIVIA,HOMBRE,G2
2/24/2022,1160,ECUADOR,MUJER,G3
2/25/2022,1161,PERU,HOMBRE,G4
2/26/2022,1162,COLOMBIA,MUJER,G1
2/27/2022,1163,ARGENTINA,HOMBRE,G2
2/28/2022,1164,BOLIVIA,MUJER,G3
3/1/2022,1165,ECUADOR,HOMBRE,G4
3/2/2022,1166,PERU,MUJER,G1
3/3/2022,1167,COLOMBIA,HOMBRE,G2
3/4/2022,1168,ARGENTINA,MUJER,G3
3/5/2022,1169,BOLIVIA,HOMBRE,G4
3/6/2022,1170,ECUADOR,MUJER,G1
3/7/2022,1171,PERU,HOMBRE,G2
3/8/2022,1172,COLOMBIA,MUJER,G3
3/9/2022,1173,ARGENTINA,HOMBRE,G4
3/10/2022,1174,BOLIVIA,MUJER,G1
3/11/2022,1175,ECUADOR,HOMBRE,G2
3/12/2022,1176,PERU,MUJER,G3
3/13/2022,1177,COLOMBIA,HOMBRE,G4
3/14/2022,1178,ARGENTINA,MUJER,G1
3/15/2022,1179,BOLIVIA,HOMBRE,G2
3/16/2022,1180,ECUADOR,MUJER,G3
3/17/2022,1181,PERU,HOMBRE,G4
3/18/2022,1182,COLOMBIA,MUJER,G1
3/19/2022,1183,ARGENTINA,HOMBRE,G2
3/20/2022,1184,BOLIVIA,MUJER,G3
3/21/2022,1185,ECUADOR,HOMBRE,G4
3/22/2022,1186,PERU,MUJER,G1
3/23/2022,1187,COLOMBIA,HOMBRE,G2
3/24/2022,1188,ARGENTINA,MUJER,G3
3/25/2022,1189,BOLIVIA,HOMBRE,G4
3/26/2022,1190,ECUADOR,MUJER,G1
3/27/2022,1191,PERU,HOMBRE,G2
3/28/2022,1192,COLOMBIA,MUJER,G3
3/29/2022,1193,ARGENTINA,HOMBRE,G4
3/30/2022,1194,BOLIVIA,MUJER,G1
3/31/2022,1195,ECUADOR,HOMBRE,G2
4/1/2022,1196,PERU,MUJER,G3
4/2/2022,1197,COLOMBIA,HOMBRE,G4
4/3/2022,1198,ARGENTINA,MUJER,G1
4/4/2022,1199,BOLIVIA,HOMBRE,G2
4/5/2022,1200,ECUADOR,MUJER,G3
4/6/2022,1201,PERU,HOMBRE,G4
4/7/2022,1202,COLOMBIA,MUJER,G1
4/8/2022,1203,ARGENTINA,HOMBRE,G2
4/9/2022,1204,BOLIVIA,MUJER,G3
4/10/2022,1205,ECUADOR,HOMBRE,G4
4/11/2022,1206,PERU,MUJER,G1
4/12/2022,1207,COLOMBIA,HOMBRE,G2
4/13/2022,1208,ARGENTINA,MUJER,G3
4/14/2022,1209,BOLIVIA,HOMBRE,G4
4/15/2022,1210,ECUADOR,MUJER,G1
4/16/2022,1211,PERU,HOMBRE,G2
4/17/2022,1212,COLOMBIA,MUJER,G3
4/18/2022,1213,ARGENTINA,HOMBRE,G4
4/19/2022,1214,BOLIVIA,MUJER,G1
4/20/2022,1215,ECUADOR,HOMBRE,G2
4/21/2022,1216,PERU,MUJER,G3
4/22/2022,1217,COLOMBIA,HOMBRE,G4
4/23/2022,1218,ARGENTINA,MUJER,G1
4/24/2022,1219,BOLIVIA,HOMBRE,G2
4/25/2022,1220,ECUADOR,MUJER,G3
4/26/2022,1221,PERU,HOMBRE,G4
4/27/2022,1222,COLOMBIA,MUJER,G1
4/28/2022,1223,ARGENTINA,HOMBRE,G2
4/29/2022,1224,BOLIVIA,MUJER,G3
4/30/2022,1225,ECUADOR,HOMBRE,G4
5/1/2022,1226,PERU,MUJER,G1
5/2/2022,1227,COLOMBIA,HOMBRE,G2
5/3/2022,1228,ARGENTINA,MUJER,G3
5/4/2022,1229,BOLIVIA,HOMBRE,G4
5/5/2022,1230,ECUADOR,MUJER,G1
5/6/2022,1231,PERU,HOMBRE,G2
5/7/2022,1232,COLOMBIA,MUJER,G3
5/8/2022,1233,ARGENTINA,HOMBRE,G4
5/9/2022,1234,BOLIVIA,MUJER,G1
5/10/2022,1235,ECUADOR,HOMBRE,G2
5/11/2022,1236,PERU,MUJER,G3
5/12/2022,1237,COLOMBIA,HOMBRE,G4
5/13/2022,1238,ARGENTINA,MUJER,G1
5/14/2022,1239,BOLIVIA,HOMBRE,G2
5/15/2022,1240,ECUADOR,MUJER,G3
5/16/2022,1241,PERU,HOMBRE,G4
5/17/2022,1242,COLOMBIA,MUJER,G1
5/18/2022,1243,ARGENTINA,HOMBRE,G2
5/19/2022,1244,BOLIVIA,MUJER,G3
5/20/2022,1245,ECUADOR,HOMBRE,G4
5/21/2022,1246,PERU,MUJER,G1
5/22/2022,1247,COLOMBIA,HOMBRE,G2
5/23/2022,1248,ARGENTINA,MUJER,G3
5/24/2022,1249,BOLIVIA,HOMBRE,G4
5/25/2022,1250,ECUADOR,MUJER,G1
5/26/2022,1251,PERU,HOMBRE,G2
5/27/2022,1252,COLOMBIA,MUJER,G3
5/28/2022,1253,ARGENTINA,HOMBRE,G4
5/29/2022,1254,BOLIVIA,MUJER,G1
5/30/2022,1255,ECUADOR,HOMBRE,G2
5/31/2022,1256,PERU,MUJER,G3
6/1/2022,1257,COLOMBIA,HOMBRE,G4
6/2/2022,1258,ARGENTINA,MUJER,G1
6/3/2022,1259,BOLIVIA,HOMBRE,G2
6/4/2022,1260,ECUADOR,MUJER,G3
6/5/2022,1261,PERU,HOMBRE,G4
6/6/2022,1262,COLOMBIA,MUJER,G1
6/7/2022,1263,ARGENTINA,HOMBRE,G2
6/8/2022,1264,BOLIVIA,MUJER,G3
6/9/2022,1265,ECUADOR,HOMBRE,G4
6/10/2022,1266,PERU,MUJER,G1
6/11/2022,1267,COLOMBIA,HOMBRE,G2
6/12/2022,1268,ARGENTINA,MUJER,G3
6/13/2022,1269,BOLIVIA,HOMBRE,G4
6/14/2022,1270,ECUADOR,MUJER,G1
6/15/2022,1271,PERU,HOMBRE,G2
6/16/2022,1272,COLOMBIA,MUJER,G3
6/17/2022,1273,ARGENTINA,HOMBRE,G4
6/18/2022,1274,BOLIVIA,MUJER,G1
6/19/2022,1275,ECUADOR,HOMBRE,G2
6/20/2022,1276,PERU,MUJER,G3
6/21/2022,1277,COLOMBIA,HOMBRE,G4
6/22/2022,1278,ARGENTINA,MUJER,G1
6/23/2022,1279,BOLIVIA,HOMBRE,G2
6/24/2022,1280,ECUADOR,MUJER,G3
6/25/2022,1281,PERU,HOMBRE,G4
6/26/2022,1282,COLOMBIA,MUJER,G1
6/27/2022,1283,ARGENTINA,HOMBRE,G2
6/28/2022,1284,BOLIVIA,MUJER,G3
6/29/2022,1285,ECUADOR,HOMBRE,G4
6/30/2022,1286,PERU,MUJER,G1
7/1/2022,1287,COLOMBIA,HOMBRE,G2
7/2/2022,1288,ARGENTINA,MUJER,G3
7/3/2022,1289,BOLIVIA,HOMBRE,G4
7/4/2022,1290,ECUADOR,MUJER,G1
7/5/2022,1291,PERU,HOMBRE,G2
7/6/2022,1292,COLOMBIA,MUJER,G3
7/7/2022,1293,ARGENTINA,HOMBRE,G4
7/8/2022,1294,BOLIVIA,MUJER,G1
7/9/2022,1295,ECUADOR,HOMBRE,G2
7/10/2022,1296,PERU,MUJER,G3
7/11/2022,1297,COLOMBIA,HOMBRE,G4
7/12/2022,1298,ARGENTINA,MUJER,G1
7/13/2022,1299,BOLIVIA,HOMBRE,G2
7/14/2022,1300,ECUADOR,MUJER,G3
7/15/2022,1301,PERU,HOMBRE,G4
7/16/2022,1302,COLOMBIA,MUJER,G1
7/17/2022,1303,ARGENTINA,HOMBRE,G2
7/18/2022,1304,BOLIVIA,MUJER,G3
7/19/2022,1305,ECUADOR,HOMBRE,G4
7/20/2022,1306,PERU,MUJER,G1
7/21/2022,1307,COLOMBIA,HOMBRE,G2
7/22/2022,1308,ARGENTINA,MUJER,G3
7/23/2022,1309,BOLIVIA,HOMBRE,G4
7/24/2022,1310,ECUADOR,MUJER,G1
7/25/2022,1311,PERU,HOMBRE,G2
7/26/2022,1312,COLOMBIA,MUJER,G3
7/27/2022,1313,ARGENTINA,HOMBRE,G4
7/28/2022,1314,BOLIVIA,MUJER,G1
7/29/2022,1315,ECUADOR,HOMBRE,G2
7/30/2022,1316,PERU,MUJER,G3
7/31/2022,1317,COLOMBIA,HOMBRE,G4
8/1/2022,1318,ARGENTINA,MUJER,G1
8/2/2022,1319,BOLIVIA,HOMBRE,G2
8/3/2022,1320,ECUADOR,MUJER,G3
8/4/2022,1321,PERU,HOMBRE,G4
8/5/2022,1322,COLOMBIA,MUJER,G1
8/6/2022,1323,ARGENTINA,HOMBRE,G2
8/7/2022,1324,BOLIVIA,MUJER,G3
8/8/2022,1325,ECUADOR,HOMBRE,G4
8/9/2022,1326,PERU,MUJER,G1
8/10/2022,1327,COLOMBIA,HOMBRE,G2
8/11/2022,1328,ARGENTINA,MUJER,G3
8/12/2022,1329,BOLIVIA,HOMBRE,G4
8/13/2022,1330,ECUADOR,MUJER,G1
8/14/2022,1331,PERU,HOMBRE,G2
8/15/2022,1332,COLOMBIA,MUJER,G3
8/16/2022,1333,ARGENTINA,HOMBRE,G4
8/17/2022,1334,BOLIVIA,MUJER,G1
8/18/2022,1335,ECUADOR,HOMBRE,G2
8/19/2022,1336,PERU,MUJER,G3
8/20/2022,1337,COLOMBIA,HOMBRE,G4
8/21/2022,1338,ARGENTINA,MUJER,G1
8/22/2022,1339,BOLIVIA,HOMBRE,G2
8/23/2022,1340,ECUADOR,MUJER,G3
8/24/2022,1341,PERU,HOMBRE,G4
8/25/2022,1342,COLOMBIA,MUJER,G1
8/26/2022,1343,ARGENTINA,HOMBRE,G2
8/27/2022,1344,BOLIVIA,MUJER,G3
8/28/2022,1345,ECUADOR,HOMBRE,G4
8/29/2022,1346,PERU,MUJER,G1
8/30/2022,1347,COLOMBIA,HOMBRE,G2
8/31/2022,1348,ARGENTINA,MUJER,G3
9/1/2022,1349,BOLIVIA,HOMBRE,G4
9/2/2022,1350,ECUADOR,MUJER,G1
9/3/2022,1351,PERU,HOMBRE,G2
9/4/2022,1352,COLOMBIA,MUJER,G3
9/5/2022,1353,ARGENTINA,HOMBRE,G4
9/6/2022,1354,BOLIVIA,MUJER,G1
9/7/2022,1355,ECUADOR,HOMBRE,G2
9/8/2022,1356,PERU,MUJER,G3
9/9/2022,1357,COLOMBIA,HOMBRE,G4
9/10/2022,1358,ARGENTINA,MUJER,G1
9/11/2022,1359,BOLIVIA,HOMBRE,G2
9/12/2022,1360,ECUADOR,MUJER,G3
9/13/2022,1361,PERU,HOMBRE,G4
9/14/2022,1362,COLOMBIA,MUJER,G1
9/15/2022,1363,ARGENTINA,HOMBRE,G2
9/16/2022,1364,BOLIVIA,MUJER,G3
9/17/2022,1365,ECUADOR,HOMBRE,G4
9/18/2022,1366,PERU,MUJER,G1
9/19/2022,1367,COLOMBIA,HOMBRE,G2
9/20/2022,1368,ARGENTINA,MUJER,G3
9/21/2022,1369,BOLIVIA,HOMBRE,G4
9/22/2022,1370,ECUADOR,MUJER,G1
9/23/2022,1371,PERU,HOMBRE,G2
9/24/2022,1372,COLOMBIA,MUJER,G3
9/25/2022,1373,ARGENTINA,HOMBRE,G4
9/26/2022,1374,BOLIVIA,MUJER,G1
9/27/2022,1375,ECUADOR,HOMBRE,G2
9/28/2022,1376,PERU,MUJER,G3
9/29/2022,1377,COLOMBIA,HOMBRE,G4
9/30/2022,1378,ARGENTINA,MUJER,G1
10/1/2022,1379,BOLIVIA,HOMBRE,G2
10/2/2022,1380,ECUADOR,MUJER,G3
10/3/2022,1381,PERU,HOMBRE,G4
10/4/2022,1382,COLOMBIA,MUJER,G1
10/5/2022,1383,ARGENTINA,HOMBRE,G2
10/6/2022,1384,BOLIVIA,MUJER,G3
10/7/2022,1385,ECUADOR,HOMBRE,G4
10/8/2022,1386,PERU,MUJER,G1
10/9/2022,1387,COLOMBIA,HOMBRE,G2
10/10/2022,1388,ARGENTINA,MUJER,G3
10/11/2022,1389,BOLIVIA,HOMBRE,G4
10/12/2022,1390,ECUADOR,MUJER,G1
10/13/2022,1391,PERU,HOMBRE,G2
10/14/2022,1392,COLOMBIA,MUJER,G3
10/15/2022,1393,ARGENTINA,HOMBRE,G4
10/16/2022,1394,BOLIVIA,MUJER,G1
10/17/2022,1395,ECUADOR,HOMBRE,G2
10/18/2022,1396,PERU,MUJER,G3
10/19/2022,1397,COLOMBIA,HOMBRE,G4
10/20/2022,1398,ARGENTINA,MUJER,G1
10/21/2022,1399,BOLIVIA,HOMBRE,G2
10/22/2022,1400,ECUADOR,MUJER,G3
10/23/2022,1401,PERU,HOMBRE,G4
10/24/2022,1402,COLOMBIA,MUJER,G1
10/25/2022,1403,ARGENTINA,HOMBRE,G2
10/26/2022,1404,BOLIVIA,MUJER,G3
10/27/2022,1405,ECUADOR,HOMBRE,G4
10/28/2022,1406,PERU,MUJER,G1
10/29/2022,1407,COLOMBIA,HOMBRE,G2
10/30/2022,1408,ARGENTINA,MUJER,G3
10/31/2022,1409,BOLIVIA,HOMBRE,G4
11/1/2022,1410,ECUADOR,MUJER,G1
11/2/2022,1411,PERU,HOMBRE,G2
11/3/2022,1412,COLOMBIA,MUJER,G3
11/4/2022,1413,ARGENTINA,HOMBRE,G4
11/5/2022,1414,BOLIVIA,MUJER,G1
11/6/2022,1415,ECUADOR,HOMBRE,G2
11/7/2022,1416,PERU,MUJER,G3
11/8/2022,1417,COLOMBIA,HOMBRE,G4
11/9/2022,1418,ARGENTINA,MUJER,G1
11/10/2022,1419,BOLIVIA,HOMBRE,G2
11/11/2022,1420,ECUADOR,MUJER,G3
11/12/2022,1421,PERU,HOMBRE,G4
11/13/2022,1422,COLOMBIA,MUJER,G1
11/14/2022,1423,ARGENTINA,HOMBRE,G2
11/15/2022,1424,BOLIVIA,MUJER,G3
11/16/2022,1425,ECUADOR,HOMBRE,G4
11/17/2022,1426,PERU,MUJER,G1
11/18/2022,1427,COLOMBIA,HOMBRE,G2
11/19/2022,1428,ARGENTINA,MUJER,G3
11/20/2022,1429,BOLIVIA,HOMBRE,G4
11/21/2022,1430,ECUADOR,MUJER,G1
11/22/2022,1431,PERU,HOMBRE,G2
11/23/2022,1432,COLOMBIA,MUJER,G3
11/24/2022,1433,ARGENTINA,HOMBRE,G4
11/25/2022,1434,BOLIVIA,MUJER,G1
11/26/2022,1435,ECUADOR,HOMBRE,G2
11/27/2022,1436,PERU,MUJER,G3
11/28/2022,1437,COLOMBIA,HOMBRE,G4
11/29/2022,1438,ARGENTINA,MUJER,G1
11/30/2022,1439,BOLIVIA,HOMBRE,G2
12/1/2022,1440,ECUADOR,MUJER,G3
12/2/2022,1441,PERU,HOMBRE,G4
12/3/2022,1442,COLOMBIA,MUJER,G1
12/4/2022,1443,ARGENTINA,HOMBRE,G2
12/5/2022,1444,BOLIVIA,MUJER,G3
12/6/2022,1445,ECUADOR,HOMBRE,G4
12/7/2022,1446,PERU,MUJER,G1
12/8/2022,1447,COLOMBIA,HOMBRE,G2
12/9/2022,1448,ARGENTINA,MUJER,G3
12/10/2022,1449,BOLIVIA,HOMBRE,G4
12/11/2022,1450,ECUADOR,MUJER,G1
12/12/2022,1451,PERU,HOMBRE,G2
12/13/2022,1452,COLOMBIA,MUJER,G3
12/14/2022,1453,ARGENTINA,HOMBRE,G4
12/15/2022,1454,BOLIVIA,MUJER,G1
12/16/2022,1455,ECUADOR,HOMBRE,G2
12/17/2022,1456,PERU,MUJER,G3
12/18/2022,1457,COLOMBIA,HOMBRE,G4
12/19/2022,1458,ARGENTINA,MUJER,G1
12/20/2022,1459,BOLIVIA,HOMBRE,G2
12/21/2022,1460,ECUADOR,MUJER,G3
12/22/2022,1461,PERU,HOMBRE,G4
12/23/2022,1462,COLOMBIA,MUJER,G1
12/24/2022,1463,ARGENTINA,HOMBRE,G2
12/25/2022,1464,BOLIVIA,MUJER,G3
12/26/2022,1465,ECUADOR,HOMBRE,G4
12/27/2022,1466,PERU,MUJER,G1
12/28/2022,1467,COLOMBIA,HOMBRE,G2
12/29/2022,1468,ARGENTINA,MUJER,G3
12/30/2022,1469,BOLIVIA,HOMBRE,G4
12/31/2022,1470,ECUADOR,MUJER,G1
